id;basepallet_no
1;FSI-SC1-001
2;FSI-SC1-002
3;FSI-SC1-003
4;FSI-SC1-004
5;FSI-SC1-005
6;FSI-SC1-006
7;FSI-SC1-007
8;FSI-SC1-008
9;FSI-SC1-009
10;FSI-SC1-010
11;FSI-SC1-011
12;FSI-SC1-012
13;FSI-SC1-013
14;FSI-SC1-014
15;FSI-SC1-015
16;FSI-SC1-016
17;FSI-SC1-017
18;FSI-SC1-162
19;FSI-SC1-019
20;FSI-SC1-020
21;FSI-SC1-021
22;FSI-SC1-022
23;FSI-SC1-023
24;FSI-SC1-024
25;FSI-SC1-025
26;FSI-SC1-026
27;FSI-SC1-027
28;FSI-SC1-028
29;FSI-SC1-029
30;FSI-SC1-030
31;FSI-SC1-031
32;FSI-SC1-032
33;FSI-SC1-033
34;FSI-SC1-034
35;FSI-SC1-035
36;FSI-SC1-036
37;FSI-SC1-037
38;FSI-SC1-038
39;FSI-SC1-039
40;FSI-SC1-040
41;FSI-SC1-041
42;FSI-SC1-042
43;FSI-SC1-043
44;FSI-SC1-044
45;FSI-SC1-045
46;FSI-SC1-046
47;FSI-SC1-047
48;FSI-SC1-048
49;FSI-SC1-049
50;FSI-SC1-050
51;FSI-SC1-051
52;FSI-SC1-052
53;FSI-SC1-053
54;FSI-SC1-054
55;FSI-SC1-055
56;FSI-SC1-056
57;FSI-SC1-057
58;FSI-SC1-058
59;FSI-SC1-059
60;FSI-SC1-060
61;FSI-SC1-061
62;FSI-SC1-062
63;FSI-SC1-063
64;FSI-SC1-064
65;FSI-SC1-065
66;FSI-SC1-066
67;FSI-SC1-067
68;FSI-SC1-068
69;FSI-SC1-069
70;FSI-SC1-070
71;FSI-SC1-071
72;FSI-SC1-072
73;FSI-SC1-073
74;FSI-SC1-074
75;FSI-SC1-075
76;FSI-SC1-076
77;FSI-SC1-077
78;FSI-SC1-078
79;FSI-SC1-079
80;FSI-SC1-080
81;FSI-SC1-081
82;FSI-SC1-082
83;FSI-SC1-083
84;FSI-SC1-084
85;FSI-SC1-085
86;FSI-SC1-086
87;FSI-SC1-087
88;FSI-SC1-088
89;FSI-SC1-089
90;FSI-SC1-090
91;FSI-SC1-091
92;FSI-SC1-092
93;FSI-SC1-093
94;FSI-SC1-094
95;FSI-SC1-095
96;FSI-SC1-096
97;FSI-SC1-097
98;FSI-SC1-098
99;FSI-SC1-099
100;FSI-SC1-100
101;FSI-SC1-103
102;FSI-SC1-105
103;FSI-SC1-106
104;FSI-SC1-107
105;FSI-SC1-108
106;FSI-SC1-109
107;FSI-SC1-110
108;FSI-SC1-112
109;FSI-SC1-113
110;FSI-SC1-114
111;FSI-SC1-115
112;FSI-SC1-116
113;FSI-SC1-117
114;FSI-SC1-118
115;FSI-SC1-119
116;FSI-SC1-120
117;FSI-SC1-121
118;FSI-SC1-122
119;FSI-SC1-123
120;FSI-SC1-124
121;FSI-SC1-125
122;FSI-SC1-126
123;FSI-SC1-127
124;FSI-SC1-128
125;FSI-SC1-129
126;FSI-SC1-130
127;FSI-SC1-132
128;FSI-SC1-134
129;FSI-SC1-135
130;FSI-SC1-136
131;FSI-SC1-138
132;FSI-SC1-141
133;FSI-SC1-142
134;FSI-SC1-143
135;FSI-SC1-144
136;FSI-SC1-145
137;FSI-SC1-146
138;FSI-SC1-147
139;FSI-SC1-148
140;FSI-SC1-149
141;FSI-SC1-209
142;FSI-SC1-221
143;FSI-SC1-111
144;FSI-SC1-104
145;FSI-SC1-102
146;FSI-SC1-140
147;FSI-SC1-139
148;FSI-SC1-213
149;FSI-SC1-137
150;FSI-SC1-131
151;FSI-SC1-133
152;FSI-SC1-101
153;FSI-SC1-220
154;FSI-SC1-219
155;FSI-SC1-218
156;FSI-SC1-217
157;FSI-SC1-216
158;FSI-SC1-215
159;FSI-SC1-214
160;FSI-SC1-212
161;FSI-SC1-211
162;FSI-SC1-210
163;FSI-SC1-150
164;FSI-SC1-172
165;FSI-SC1-173
166;FSI-SC1-204
167;FSI-SC1-169
168;FSI-SC1-202
169;FSI-SC1-170
170;FSI-SC1-203
171;FSI-SC1-171
172;FSI-SC1-164
173;FSI-SC1-165
174;FSI-SC1-166
175;FSI-SC1-163
176;FSI-SC1-205
177;FSI-SC1-167
178;FSI-SC1-206
179;FSI-SC1-207
180;FSI-SC1-018
181;FSI-SC1-161
182;FSI-SC1-208
183;FSI-SC1-201
184;FSI-SC1-151
185;FSI-SC1-152
186;FSI-SC1-153
187;FSI-SC1-154
188;FSI-SC1-155
189;FSI-SC1-156
190;FSI-SC1-157
191;FSI-SC1-158
192;FSI-SC1-159
193;FSI-SC1-160
194;FSI-SC1-174
195;FSI-SC1-175
196;FSI-SC1-177
197;FSI-SC1-178
198;FSI-SC1-179
199;FSI-SC1-180
200;FSI-SC1-192
201;FSI-SC1-193
202;FSI-SC1-194
203;FSI-SC1-195
204;FSI-SC1-196
205;FSI-SC1-197
206;FSI-SC1-198
207;FSI-SC1-199
208;FSI-SC1-200
209;FSI-SC1-191
210;FSI-SC1-181
211;FSI-SC1-182
212;FSI-SC1-183
213;FSI-SC1-184
214;FSI-SC1-185
215;FSI-SC1-186
216;FSI-SC1-187
217;FSI-SC1-188
218;FSI-SC1-189
219;FSI-SC1-190
220;FSI-SC1-223
221;FSI-SC1-224
222;FSI-SC1-226
223;FSI-SC1-222
224;FSI-SC1-225
225;FSI-SC1-176
226;FSI-SC1-168
227;FSI-SC1-227
228;FSI-SC1-228
229;FSI-SC1-229
230;FSI-SC1-230
231;FSI-SC1-231
232;FSI-SC1-232
233;FSI-SC1-233
234;FSI-SC1-234
235;FSI-SC1-235
236;FSI-SC1-236
237;FSI-SC1-237
238;FSI-SC1-238
239;FSI-SC1-239
240;FSI-SC1-240
241;FSI-SC1-241
242;FSI-SC1-242
243;FSI-SC1-243
244;FSI-SC1-244
245;FSI-SC1-245
246;FSI-SC1-246
247;FSI-SC1-247
248;FSI-SC1-248
249;FSI-SC1-249
250;FSI-SC1-250
251;FSI-SC1-251
252;FSI-SC1-252
253;FSI-SC1-253
254;FSI-SC1-254
255;FSI-SC1-255
256;FSI-SC1-256
257;FSI-SC1-257
258;FSI-SC1-258
259;FSI-SC1-259
260;FSI-SC1-260
261;FSI-SC1-261
262;FSI-SC1-262
263;FSI-SC1-263
264;FSI-SC1-264
265;FSI-SC1-265
266;FSI-SC1-266
267;FSI-SC1-267
268;FSI-SC1-268
269;FSI-SC1-269
270;FSI-SC1-270
271;FSI-SC1-271
272;FSI-SC1-272
273;FSI-SC1-273
274;FSI-SC1-274
275;FSI-SC1-275
276;FSI-SC1-276
277;FSI-SC1-277
278;FSI-SC1-278
279;FSI-SC1-279
280;FSI-SC1-280
281;FSI-SC1-281
282;FSI-SC1-282
283;FSI-SC1-283
284;FSI-SC1-284
285;FSI-SC1-285
286;FSI-SC1-286
287;FSI-SC1-287
288;FSI-SC1-288
289;FSI-SC1-289
290;FSI-SC1-290
291;FSI-SC1-291
292;FSI-SC1-292
293;FSI-SC1-293
294;FSI-SC1-294
295;FSI-SC1-295
296;FSI-SC1-296
297;FSI-SC1-297
298;FSI-SC1-298
299;FSI-SC1-299
300;FSI-SC1-300
